nl.tudelft.jpacman.board.Board,nl\\tudelft\\jpacman\\board\\Board.java
nl.tudelft.jpacman.board.BoardFactory,nl\\tudelft\\jpacman\\board\\BoardFactory.java
nl.tudelft.jpacman.board.Direction,nl\\tudelft\\jpacman\\board\\Direction.java
nl.tudelft.jpacman.board.Square,nl\\tudelft\\jpacman\\board\\Square.java
nl.tudelft.jpacman.board.Unit,nl\\tudelft\\jpacman\\board\\Unit.java
nl.tudelft.jpacman.annotations.ParameterizedAssignment,nl\\tudelft\\jpacman\\annotations\\ParameterizedAssignment.java
nl.tudelft.jpacman.game.Game,nl\\tudelft\\jpacman\\game\\Game.java
nl.tudelft.jpacman.game.GameFactory,nl\\tudelft\\jpacman\\game\\GameFactory.java
nl.tudelft.jpacman.game.SinglePlayerGame,nl\\tudelft\\jpacman\\game\\SinglePlayerGame.java
nl.tudelft.jpacman.level.CollisionInteractionMap,nl\\tudelft\\jpacman\\level\\CollisionInteractionMap.java
nl.tudelft.jpacman.level.CollisionMap,nl\\tudelft\\jpacman\\level\\CollisionMap.java
nl.tudelft.jpacman.level.Level,nl\\tudelft\\jpacman\\level\\Level.java
nl.tudelft.jpacman.level.LevelFactory,nl\\tudelft\\jpacman\\level\\LevelFactory.java
nl.tudelft.jpacman.level.MapParser,nl\\tudelft\\jpacman\\level\\MapParser.java
nl.tudelft.jpacman.level.Pellet,nl\\tudelft\\jpacman\\level\\Pellet.java
nl.tudelft.jpacman.level.Player,nl\\tudelft\\jpacman\\level\\Player.java
nl.tudelft.jpacman.level.PlayerCollisions,nl\\tudelft\\jpacman\\level\\PlayerCollisions.java
nl.tudelft.jpacman.level.PlayerFactory,nl\\tudelft\\jpacman\\level\\PlayerFactory.java
nl.tudelft.jpacman.npc.ghost.Blinky,nl\\tudelft\\jpacman\\npc\\ghost\\Blinky.java
nl.tudelft.jpacman.npc.ghost.Clyde,nl\\tudelft\\jpacman\\npc\\ghost\\Clyde.java
nl.tudelft.jpacman.npc.ghost.Ghost,nl\\tudelft\\jpacman\\npc\\ghost\\Ghost.java
nl.tudelft.jpacman.npc.ghost.GhostColor,nl\\tudelft\\jpacman\\npc\\ghost\\GhostColor.java
nl.tudelft.jpacman.npc.ghost.GhostFactory,nl\\tudelft\\jpacman\\npc\\ghost\\GhostFactory.java
nl.tudelft.jpacman.npc.ghost.Inky,nl\\tudelft\\jpacman\\npc\\ghost\\Inky.java
nl.tudelft.jpacman.npc.ghost.Navigation,nl\\tudelft\\jpacman\\npc\\ghost\\Navigation.java
nl.tudelft.jpacman.npc.ghost.Pinky,nl\\tudelft\\jpacman\\npc\\ghost\\Pinky.java
nl.tudelft.jpacman.npc.NPC,nl\\tudelft\\jpacman\\npc\\NPC.java
nl.tudelft.jpacman.sprite.AnimatedSprite,nl\\tudelft\\jpacman\\sprite\\AnimatedSprite.java
nl.tudelft.jpacman.sprite.EmptySprite,nl\\tudelft\\jpacman\\sprite\\EmptySprite.java
nl.tudelft.jpacman.sprite.ImageSprite,nl\\tudelft\\jpacman\\sprite\\ImageSprite.java
nl.tudelft.jpacman.sprite.PacManSprites,nl\\tudelft\\jpacman\\sprite\\PacManSprites.java
nl.tudelft.jpacman.sprite.Sprite,nl\\tudelft\\jpacman\\sprite\\Sprite.java
nl.tudelft.jpacman.sprite.SpriteStore,nl\\tudelft\\jpacman\\sprite\\SpriteStore.java
nl.tudelft.jpacman.ui.Action,nl\\tudelft\\jpacman\\ui\\Action.java
nl.tudelft.jpacman.ui.BoardPanel,nl\\tudelft\\jpacman\\ui\\BoardPanel.java
nl.tudelft.jpacman.ui.PacKeyListener,nl\\tudelft\\jpacman\\ui\\PacKeyListener.java
